Division,Conference,School
Division II,CACC,Bloomfield
Division II,CACC,Bridgeport
Division II,CACC,Caldwell
Division II,CACC,Chestnut Hill
Division II,CACC,Dominican (NY)
Division II,CACC,Felician
Division II,CACC,Georgian Court
Division II,CACC,Goldey–Beacom
Division II,CACC,Holy Family
Division II,CACC,Jefferson (Thomas Jefferson)
Division II,CACC,Post
Division II,CACC,Wilmington
Division II,Carolinas,Barton
Division II,Carolinas,Belmont Abbey
Division II,Carolinas,Chowan
Division II,Carolinas,Converse
Division II,Carolinas,Emmanuel
Division II,Carolinas,Erskine
Division II,Carolinas,Francis Marion
Division II,Carolinas,King
Division II,Carolinas,Lees–McRae
Division II,Carolinas,Mount Olive
Division II,Carolinas,North Greenville
Division II,Carolinas,Shorter
Division II,Carolinas,Southern Wesleyan
Division II,Carolinas,UNC Pembroke
Division II,Carolinas,Young Harris
Division II,CCAA,Cal Poly Humboldt
Division II,CCAA,Cal Poly Pomona
Division II,CCAA,Cal State Dominguez Hills
Division II,CCAA,Cal State East Bay
Division II,CCAA,Cal State Los Angeles
Division II,CCAA,Cal State Monterey Bay
Division II,CCAA,Cal State San Bernardino
Division II,CCAA,Cal State San Marcos
Division II,CCAA,Cal State Stanislaus
Division II,CCAA,Chico State
Division II,CCAA,San Francisco State
Division II,CCAA,Sonoma State
Division II,CIAA,Bluefield State
Division II,CIAA,Bowie State
Division II,CIAA,Claflin
Division II,CIAA,Elizabeth City State
Division II,CIAA,Fayetteville State
Division II,CIAA,Johnson C. Smith
Division II,CIAA,Lincoln (PA)
Division II,CIAA,Livingstone
Division II,CIAA,Saint Augustine's
Division II,CIAA,Shaw
Division II,CIAA,Virginia State
Division II,CIAA,Virginia Union
Division II,CIAA,Winston-Salem State
Division II,ECC,D'Youville
Division II,ECC,Daemen
Division II,ECC,Mercy
Division II,ECC,Molloy
Division II,ECC,Queens (NY)
Division II,ECC,Roberts Wesleyan
Division II,ECC,St. Thomas Aquinas
Division II,ECC,Staten Island
Division II,ECC,UDC
Division II,G-MAC,Ashland
Division II,G-MAC,Cedarville
Division II,G-MAC,Findlay
Division II,G-MAC,Hillsdale
Division II,G-MAC,Kentucky Wesleyan
Division II,G-MAC,Lake Erie
Division II,G-MAC,Malone
Division II,G-MAC,Northwood
Division II,G-MAC,Ohio Dominican
Division II,G-MAC,Thomas More
Division II,G-MAC,Tiffin
Division II,G-MAC,Walsh
Division II,GAC,Arkansas–Monticello
Division II,GAC,Arkansas Tech
Division II,GAC,East Central
Division II,GAC,Harding
Division II,GAC,Henderson State
Division II,GAC,Northwestern Oklahoma State
Division II,GAC,Oklahoma Baptist
Division II,GAC,Ouachita Baptist
Division II,GAC,Southeastern Oklahoma State
Division II,GAC,Southern Arkansas
Division II,GAC,Southern Nazarene
Division II,GAC,Southwestern Oklahoma State
Division II,GLIAC,Davenport
Division II,GLIAC,Ferris State
Division II,GLIAC,Grand Valley State
Division II,GLIAC,Lake Superior State
Division II,GLIAC,Michigan Tech
Division II,GLIAC,Northern Michigan
Division II,GLIAC,Parkside (Wisconsin–Parkside)
Division II,GLIAC,Purdue Northwest
Division II,GLIAC,Roosevelt
Division II,GLIAC,Saginaw Valley State
Division II,GLIAC,Wayne State (MI)
Division II,GLVC,Drury
Division II,GLVC,Illinois–Springfield
Division II,GLVC,Indianapolis
Division II,GLVC,Lewis
Division II,GLVC,Lincoln (MO)
Division II,GLVC,Maryville
Division II,GLVC,McKendree
Division II,GLVC,Missouri S&T
Division II,GLVC,Quincy
Division II,GLVC,Rockhurst
Division II,GLVC,Southwest Baptist
Division II,GLVC,Truman State
Division II,GLVC,UMSL (Missouri–St. Louis)
Division II,GLVC,Upper Iowa
Division II,GLVC,William Jewell
Division II,GNAC,Alaska Anchorage
Division II,GNAC,Alaska Fairbanks
Division II,GNAC,Central Washington
Division II,GNAC,Montana State–Billings
Division II,GNAC,Northwest Nazarene
Division II,GNAC,Saint Martin's
Division II,GNAC,Seattle Pacific
Division II,GNAC,Simon Fraser University
Division II,GNAC,Western Oregon
Division II,GNAC,Western Washington
Division II,GSC,Alabama–Huntsville
Division II,GSC,Auburn Montgomery
Division II,GSC,Christian Brothers
Division II,GSC,Delta State
Division II,GSC,Lee
Division II,GSC,Mississippi College
Division II,GSC,Montevallo
Division II,GSC,Trevecca Nazarene
Division II,GSC,Union
Division II,GSC,Valdosta State
Division II,GSC,West Alabama
Division II,GSC,West Florida
Division II,Independent,Salem
Division II,LSC,Angelo State
Division II,LSC,Cameron
Division II,LSC,Dallas Baptist
Division II,LSC,Eastern New Mexico
Division II,LSC,Lubbock Christian
Division II,LSC,Midwestern State
Division II,LSC,Oklahoma Christian
Division II,LSC,St. Edward's
Division II,LSC,St. Mary's (TX)
Division II,LSC,Sul Ross State
Division II,LSC,Texas A&M International
Division II,LSC,Texas A&M–Kingsville
Division II,LSC,UT Permian Basin
Division II,LSC,West Texas A&M
Division II,LSC,Western New Mexico
Division II,MEC,Charleston
Division II,MEC,Concord
Division II,MEC,Davis & Elkins
Division II,MEC,Fairmont State
Division II,MEC,Frostburg State
Division II,MEC,Glenville State
Division II,MEC,Point Park
Division II,MEC,West Liberty
Division II,MEC,West Virginia State
Division II,MEC,West Virginia Wesleyan
Division II,MEC,Wheeling
Division II,MIAA,Arkansas–Fort Smith
Division II,MIAA,Central Missouri
Division II,MIAA,Central Oklahoma
Division II,MIAA,Emporia State
Division II,MIAA,Fort Hays State
Division II,MIAA,Missouri Southern
Division II,MIAA,Missouri Western
Division II,MIAA,Nebraska–Kearney
Division II,MIAA,Newman
Division II,MIAA,Northeastern State
Division II,MIAA,Northwest Missouri State
Division II,MIAA,Pittsburg State
Division II,MIAA,Rogers State
Division II,MIAA,Washburn
Division II,NE-10,Adelphi
Division II,NE-10,American International
Division II,NE-10,Assumption
Division II,NE-10,Bentley
Division II,NE-10,Franklin Pierce
Division II,NE-10,New Haven
Division II,NE-10,Pace
Division II,NE-10,Saint Anselm
Division II,NE-10,Saint Michael's
Division II,NE-10,Southern Connecticut
Division II,NE-10,Southern New Hampshire
Division II,NSIC,Augustana
Division II,NSIC,Bemidji State
Division II,NSIC,Concordia–St. Paul
Division II,NSIC,Mary
Division II,NSIC,Minnesota–Crookston
Division II,NSIC,Minnesota–Duluth
Division II,NSIC,Minnesota State
Division II,NSIC,Minnesota State–Moorhead
Division II,NSIC,Minot State
Division II,NSIC,Northern State
Division II,NSIC,Sioux Falls
Division II,NSIC,Southwest Minnesota State
Division II,NSIC,St. Cloud State
Division II,NSIC,Wayne State (NE)
Division II,NSIC,Winona State
Division II,PacWest,Academy of Art
Division II,PacWest,Azusa Pacific
Division II,PacWest,Biola
Division II,PacWest,Chaminade
Division II,PacWest,Concordia–Irvine
Division II,PacWest,Dominican (CA)
Division II,PacWest,Fresno Pacific
Division II,PacWest,Hawaiʻi–Hilo
Division II,PacWest,Hawaii Pacific
Division II,PacWest,Jessup
Division II,PacWest,Menlo
Division II,PacWest,Point Loma Nazarene
Division II,PacWest,Vanguard
Division II,PacWest,Westmont
Division II,PBC,Augusta
Division II,PBC,Clayton State
Division II,PBC,Columbus State
Division II,PBC,Flagler
Division II,PBC,Georgia College
Division II,PBC,Georgia Southwestern State
Division II,PBC,Lander
Division II,PBC,North Georgia
Division II,PBC,USC Aiken
Division II,PBC,USC Beaufort
Division II,PSAC,Bloomsburg
Division II,PSAC,California (PA)
Division II,PSAC,Clarion
Division II,PSAC,East Stroudsburg
Division II,PSAC,Edinboro
Division II,PSAC,Gannon
Division II,PSAC,Indiana (PA)
Division II,PSAC,Kutztown
Division II,PSAC,Lock Haven
Division II,PSAC,Mansfield
Division II,PSAC,Millersville
Division II,PSAC,Pittsburgh–Johnstown
Division II,PSAC,Seton Hill
Division II,PSAC,Shepherd
Division II,PSAC,Shippensburg
Division II,PSAC,Slippery Rock
Division II,PSAC,West Chester
Division II,RMAC,Adams State
Division II,RMAC,Black Hills State
Division II,RMAC,Chadron State
Division II,RMAC,Colorado Christian
Division II,RMAC,Colorado Mesa
Division II,RMAC,Colorado Mines
Division II,RMAC,CSU Pueblo
Division II,RMAC,Fort Lewis
Division II,RMAC,Metropolitan State
Division II,RMAC,New Mexico Highlands
Division II,RMAC,Regis
Division II,RMAC,South Dakota Mines
Division II,RMAC,UCCS (UC Colorado Springs)
Division II,RMAC,Western Colorado
Division II,RMAC,Westminster
Division II,SAC,Anderson
Division II,SAC,Carson–Newman
Division II,SAC,Catawba
Division II,SAC,Coker
Division II,SAC,Emory & Henry
Division II,SAC,Lenoir–Rhyne
Division II,SAC,Limestone
Division II,SAC,Lincoln Memorial
Division II,SAC,Mars Hill
Division II,SAC,Newberry
Division II,SAC,Tusculum
Division II,SAC,UVA Wise
Division II,SAC,Wingate
Division II,SIAC,Albany State
Division II,SIAC,Allen
Division II,SIAC,Benedict
Division II,SIAC,Central State
Division II,SIAC,Clark Atlanta
Division II,SIAC,Edward Waters
Division II,SIAC,Fort Valley State
Division II,SIAC,Kentucky State
Division II,SIAC,Lane
Division II,SIAC,LeMoyne–Owen
Division II,SIAC,Miles
Division II,SIAC,Morehouse
Division II,SIAC,Savannah State
Division II,SIAC,Spring Hill
Division II,SIAC,Tuskegee
Division II,Sunshine State,Barry
Division II,Sunshine State,Eckerd
Division II,Sunshine State,Embry–Riddle
Division II,Sunshine State,Florida Southern
Division II,Sunshine State,Florida Tech
Division II,Sunshine State,Lynn
Division II,Sunshine State,Nova Southeastern
Division II,Sunshine State,Palm Beach Atlantic
Division II,Sunshine State,Rollins
Division II,Sunshine State,Saint Leo
Division II,Sunshine State,Tampa